no,ch1,ch2,ch3,ch4
1,-0.006713867,-0.01342773,-0.01464844,-0.003967285
2,-0.01403809,-0.01556396,-0.02532959,-0.02593994
3,-0.02410889,-0.02441406,-0.03509521,-0.03997803
4,-0.03662109,-0.02807617,-0.02258301,-0.02655029
5,-0.04119873,-0.03997803,-0.02197266,-0.008544922
6,-0.03417969,-0.03265381,-0.006103516,0.01190186
7,-0.027771,-0.02563477,0.002746582,0.03234863
8,-0.006713867,-0.01800537,-0.007324219,0.01617432
9,0.002746582,-0.01678467,-0.01464844,-0.009155273
10,-0.007019043,-0.01434326,-0.03143311,-0.02960205
11,-0.03112793,-0.02227783,-0.04638672,-0.04882813
12,-0.05096436,-0.02868652,-0.04302979,-0.04058838
13,-0.05584717,-0.04364014,-0.04058838,-0.02990723
14,-0.04669189,-0.03814697,-0.01922607,-0.003051758
15,-0.03356934,-0.03936768,-0.01525879,0.01251221
16,-0.01464844,-0.02838135,-0.01678467,0.007629395
17,-0.007629395,-0.01586914,-0.01342773,0.002746582
18,-0.009155273,-0.01678467,-0.01983643,-0.01434326
19,-0.01800537,-0.01831055,-0.02960205,-0.03112793
20,-0.03845215,-0.0302124,-0.02838135,-0.02716064
21,-0.03753662,-0.03570557,-0.02746582,-0.0213623
22,-0.03753662,-0.04180908,-0.01922607,0.003967285
23,-0.01647949,-0.03326416,-0.00793457,0.01922607
24,0.001220703,-0.02166748,-0.003356934,0.009460449
25,0.003356934,-0.01403809,0.001525879,-0.003356934
26,-0.0100708,-0.01434326,-0.001525879,-0.004272461
27,-0.01312256,-0.01800537,-0.03112793,-0.03387451
28,-0.03082275,-0.0289917,-0.04394531,-0.05126953
29,-0.04974365,-0.04119873,-0.03936768,-0.03814697
30,-0.05584717,-0.04882813,-0.02410889,-0.009765625
31,-0.04211426,-0.04425049,-0.0100708,0.01678467
32,-0.0201416,-0.03570557,-0.01983643,0.007019043
33,-0.01434326,-0.02441406,-0.01617432,0.0006103516
34,-0.01037598,-0.0213623,-0.01464844,-0.007629395
35,-0.0112915,-0.01556396,-0.0213623,-0.02380371
36,-0.02563477,-0.02441406,-0.03326416,-0.03692627
37,-0.04180908,-0.0402832,-0.03082275,-0.01647949
38,-0.02502441,-0.03417969,-0.02807617,-0.0177002
39,-0.027771,-0.02960205,-0.01159668,0.01312256
40,-0.02105713,-0.02227783,-0.01220703,0.01922607
41,-0.007324219,-0.009765625,-0.008239746,0.01403809
42,-0.01373291,-0.01190186,-0.007629395,0.01586914
43,-0.001525879,-0.01373291,-0.02563477,-0.02227783
44,-0.0100708,-0.01342773,-0.03295898,-0.05065918
45,-0.03723145,-0.03631592,-0.04364014,-0.06072998
46,-0.05126953,-0.03753662,-0.02471924,-0.02929688
47,-0.04669189,-0.0491333,-0.01861572,-0.01617432
48,-0.03051758,-0.0390625,-0.001525879,0.006408691
49,-0.01800537,-0.02960205,-0.01068115,0.001525879
50,-0.02471924,-0.03448486,-0.006103516,0.01251221
51,-0.001831055,-0.02258301,-0.01373291,-0.003051758
52,-0.006408691,-0.01495361,-0.03051758,-0.02868652
53,-0.02227783,-0.01617432,-0.02868652,-0.04608154
54,-0.04180908,-0.03631592,-0.02441406,-0.02807617
55,-0.04302979,-0.03692627,-0.009155273,-0.0009155273
56,-0.03570557,-0.03509521,-0.0003051758,0.02593994
57,-0.01525879,-0.02471924,-0.003967285,0.02227783
58,-0.003356934,-0.01708984,-0.01434326,0.002746582
59,-0.00579834,-0.008850098,-0.01373291,-0.002746582
60,-0.0112915,-0.008850098,-0.03051758,-0.0302124
61,-0.03112793,-0.02166748,-0.04852295,-0.05554199
62,-0.04852295,-0.03143311,-0.04180908,-0.05462646
63,-0.06195068,-0.04974365,-0.02624512,-0.02716064
64,-0.05157471,-0.04333496,-0.008239746,0.008850098
65,-0.03082275,-0.03479004,-0.007324219,0.01953125
66,-0.0177002,-0.02655029,-0.009155273,0.008239746
67,-0.0100708,-0.02166748,-0.006713867,0.0006103516
68,-0.01861572,-0.02563477,-0.02288818,-0.008239746
69,-0.01800537,-0.01861572,-0.03631592,-0.03204346
70,-0.03540039,-0.0289917,-0.03692627,-0.03051758
71,-0.03692627,-0.02532959,-0.02593994,-0.02593994
72,-0.04425049,-0.03448486,-0.006713867,0.007019043
73,-0.02410889,-0.02807617,-0.001831055,0.0189209
74,-0.01251221,-0.01922607,-0.0003051758,0.02349854
75,0.0009155273,-0.01281738,-0.007629395,0.01861572
76,0.002746582,-0.008544922,-0.02624512,-0.00793457
77,-0.007019043,-0.0112915,-0.04333496,-0.04394531
78,-0.03143311,-0.01495361,-0.04302979,-0.05371094
79,-0.05706787,-0.03265381,-0.03662109,-0.04333496
80,-0.05950928,-0.04425049,-0.01922607,-0.01037598
81,-0.0390625,-0.04333496,-0.01159668,0.008239746
82,-0.0213623,-0.03723145,-0.01495361,0.003356934
83,-0.0112915,-0.02410889,-0.005493164,0.005493164
84,-0.01434326,-0.02105713,-0.009155273,0.0100708
85,-0.006408691,-0.01647949,-0.02380371,-0.01678467
86,-0.02044678,-0.02807617,-0.03845215,-0.04089355
87,-0.03326416,-0.03631592,-0.03326416,-0.0378418
88,-0.03997803,-0.03143311,-0.01312256,-0.01800537
89,-0.04608154,-0.03753662,0.003662109,0.02075195
90,-0.0201416,-0.02349854,-0.0003051758,0.02471924
91,-0.01190186,-0.01556396,-0.008850098,0.01586914
92,-0.01281738,-0.01159668,-0.009155273,0.01373291
93,-0.007019043,-0.007629395,-0.02258301,-0.01831055
94,-0.02288818,-0.01678467,-0.03814697,-0.03997803
95,-0.03814697,-0.02807617,-0.03692627,-0.04333496
96,-0.05187988,-0.04425049,-0.03234863,-0.02593994
97,-0.04577637,-0.04730225,-0.02105713,-0.007019043
98,-0.0289917,-0.03082275,-0.01373291,0.007324219
99,-0.01586914,-0.01556396,-0.01068115,0.0003051758
100,-0.01586914,-0.01831055,-0.004577637,0.005187988
101,-0.008239746,-0.01434326,-0.0177002,-0.01037598
102,-0.01556396,-0.01403809,-0.02349854,-0.02502441
103,-0.03173828,-0.0289917,-0.03387451,-0.03204346
104,-0.03723145,-0.0378418,-0.0289917,-0.02655029
105,-0.03997803,-0.04364014,-0.01312256,0.002746582
106,-0.0213623,-0.02990723,0.001831055,0.02807617
107,-0.008544922,-0.02258301,-0.005187988,0.0213623
108,-0.002746582,-0.01922607,-0.007629395,0.01312256
109,0.003967285,-0.0112915,-0.01373291,-0.008239746
110,-0.008239746,-0.009765625,-0.02807617,-0.02746582
111,-0.02746582,-0.01739502,-0.0402832,-0.05523682
112,-0.04882813,-0.03387451,-0.04241943,-0.04638672
113,-0.05950928,-0.04119873,-0.02349854,-0.0201416
114,-0.04760742,-0.05004883,-0.009460449,0.008239746
115,-0.03204346,-0.03601074,-0.003051758,0.0302124
116,-0.01556396,-0.02807617,-0.01617432,0.01434326
117,-0.006408691,-0.01495361,-0.01190186,-0.005493164
118,-0.01525879,-0.01922607,-0.02288818,-0.02258301
119,-0.02288818,-0.01586914,-0.02166748,-0.0302124
120,-0.03692627,-0.03204346,-0.03356934,-0.02655029
121,-0.04364014,-0.04058838,-0.03173828,-0.01098633
122,-0.03265381,-0.03479004,-0.0201416,0.006103516
123,-0.01800537,-0.02288818,0.0009155273,0.02258301
124,-0.005187988,-0.02044678,-0.008850098,0.01342773
125,0.004272461,-0.00793457,-0.00793457,0.002746582
126,0.0003051758,-0.003967285,-0.02044678,-0.02258301
127,-0.01068115,-0.01068115,-0.02990723,-0.04425049
128,-0.03082275,-0.02838135,-0.03723145,-0.05249023
129,-0.04516602,-0.04180908,-0.03662109,-0.03936768
130,-0.04943848,-0.03997803,-0.02380371,-0.009460449
131,-0.03509521,-0.0302124,-0.01312256,0.001525879
132,-0.02716064,-0.02227783,-0.004577637,0.01068115
133,-0.02288818,-0.02410889,-0.009155273,0.005493164
134,-0.01617432,-0.01556396,-0.00579834,0.002441406
135,-0.0112915,-0.01586914,-0.02716064,-0.03326416
136,-0.02655029,-0.02105713,-0.0289917,-0.04608154
137,-0.04547119,-0.03387451,-0.02105713,-0.01922607
138,-0.03814697,-0.03845215,-0.01739502,-0.00793457
139,-0.03234863,-0.03417969,-0.003662109,0.0112915
140,-0.01953125,-0.02075195,-0.0006103516,0.0177002
141,-0.009155273,-0.01251221,-0.007019043,0.01068115
142,-0.003967285,-0.01068115,-0.01281738,-0.0009155273
143,-0.003967285,-0.005493164,-0.02471924,-0.02746582
144,-0.02319336,-0.01556396,-0.03509521,-0.05279541
145,-0.04699707,-0.02868652,-0.03417969,-0.04302979
146,-0.05004883,-0.04425049,-0.03326416,-0.03326416
147,-0.04364014,-0.04608154,-0.02380371,-0.005187988
148,-0.02380371,-0.0289917,-0.01312256,0.008239746
149,-0.0189209,-0.02349854,-0.01098633,0.007019043
150,-0.01159668,-0.01922607,-0.007629395,0.002441406
151,-0.01739502,-0.01556396,-0.01220703,-0.005493164
152,-0.02075195,-0.02655029,-0.02960205,-0.02105713
153,-0.02288818,-0.02960205,-0.03723145,-0.03326416
154,-0.03570557,-0.03601074,-0.03692627,-0.02929688
155,-0.03692627,-0.03265381,-0.01861572,-0.005187988
156,-0.02105713,-0.02532959,-0.003356934,0.01312256
157,-0.00793457,-0.01251221,-0.004577637,0.01495361
158,-0.002746582,-0.005493164,-0.0003051758,0.01068115
159,-0.002746582,-0.006713867,-0.004272461,-0.01373291
160,-0.007324219,-0.02258301,-0.02410889,-0.03753662
161,-0.02288818,-0.02960205,-0.04394531,-0.05371094
162,-0.03753662,-0.03875732,-0.04302979,-0.05340576
163,-0.05401611,-0.04608154,-0.02655029,-0.0189209
164,-0.03997803,-0.03936768,-0.009460449,0.002441406
165,-0.02349854,-0.03051758,-0.003356934,0.009155273
166,-0.01312256,-0.02746582,-0.01281738,0.006408691
167,-0.009460449,-0.01373291,-0.01190186,-0.0003051758
168,-0.01190186,-0.01678467,-0.01617432,-0.01312256
169,-0.02319336,-0.02685547,-0.03265381,-0.02655029
170,-0.03692627,-0.03814697,-0.03387451,-0.02166748
171,-0.03479004,-0.03387451,-0.03234863,-0.01312256
172,-0.04058838,-0.03265381,-0.01190186,0.01617432
173,-0.01983643,-0.02471924,-0.002746582,0.02044678
174,-0.003356934,-0.01373291,-0.003356934,0.01190186
175,-0.001220703,-0.007629395,-0.0100708,0.001220703
176,0.0006103516,-0.003662109,-0.02105713,-0.0289917
177,-0.02502441,-0.01403809,-0.027771,-0.03479004
178,-0.04882813,-0.03570557,-0.04608154,-0.03326416
179,-0.04760742,-0.04058838,-0.04638672,-0.03173828
180,-0.04180908,-0.03326416,-0.02685547,-0.008239746
181,-0.03723145,-0.03204346,-0.009460449,0.0177002
182,-0.01922607,-0.02563477,-0.01617432,0.01373291
183,-0.01159668,-0.01617432,-0.01190186,0.009155273
184,-0.006103516,-0.01739502,-0.01831055,-0.003967285
185,-0.006408691,-0.01312256,-0.027771,-0.02441406
186,-0.01953125,-0.01922607,-0.03173828,-0.03479004
187,-0.02960205,-0.03448486,-0.02532959,-0.03295898
188,-0.03326416,-0.03601074,-0.01586914,-0.005187988
189,-0.02746582,-0.03234863,-0.01800537,0.01434326
190,-0.008239746,-0.01037598,-0.006408691,0.008239746
191,-0.00213623,-0.003356934,0.01190186,0.01861572
192,-0.00213623,-0.01068115,-0.00213623,0.0112915
193,0.0009155273,-0.01342773,-0.03326416,-0.02838135
194,-0.01525879,-0.01220703,-0.04547119,-0.05706787
195,-0.04486084,-0.02502441,-0.03723145,-0.04119873
196,-0.04577637,-0.03692627,-0.03417969,-0.02746582
197,-0.03845215,-0.0378418,-0.03356934,-0.01190186
198,-0.0289917,-0.02197266,-0.009155273,0.01190186
199,-0.01586914,-0.02105713,-0.01617432,0.002746582
200,-0.01037598,-0.01251221,-0.0009155273,0.009765625
201,-0.009155273,-0.01312256,-0.01464844,-0.00579834
202,-0.02044678,-0.02716064,-0.04180908,-0.02532959
203,-0.02166748,-0.0201416,-0.03845215,-0.03295898
204,-0.03601074,-0.03692627,-0.03204346,-0.02929688
205,-0.03326416,-0.03265381,-0.009765625,0.001525879
206,-0.02532959,-0.02502441,-0.0003051758,0.02380371
207,-0.01312256,-0.0177002,-0.008239746,0.02258301
208,-0.001525879,-0.009765625,-0.009460449,0.00579834
209,-0.002746582,-0.0100708,-0.01831055,-0.01281738
210,-0.0177002,-0.01068115,-0.027771,-0.02655029
211,-0.03356934,-0.02197266,-0.04180908,-0.04516602
212,-0.0479126,-0.0390625,-0.04058838,-0.04364014
213,-0.05279541,-0.04943848,-0.02258301,-0.01800537
214,-0.03967285,-0.04516602,-0.008544922,0.008544922
215,-0.02319336,-0.03814697,-0.01312256,0.008850098
216,-0.007629395,-0.01861572,-0.007629395,0.00579834
217,-0.01068115,-0.01800537,-0.01098633,0.001525879
218,-0.009155273,-0.01708984,-0.02746582,-0.01281738
219,-0.01556396,-0.01403809,-0.04150391,-0.03845215
220,-0.03509521,-0.02166748,-0.03265381,-0.03204346
221,-0.04150391,-0.03082275,-0.02380371,-0.0177002
222,-0.03875732,-0.03967285,-0.01037598,0.00579834
223,-0.01434326,-0.01953125,0.007019043,0.02471924
224,-0.008544922,-0.01800537,-0.006408691,0.02197266
225,0,-0.007324219,-0.008544922,0.004272461
226,0.0003051758,-0.01190186,-0.02227783,-0.01556396
227,-0.008850098,-0.01739502,-0.03997803,-0.04364014
228,-0.03448486,-0.02685547,-0.04150391,-0.04394531
229,-0.04730225,-0.03814697,-0.03936768,-0.03967285
230,-0.05340576,-0.04058838,-0.0177002,-0.009155273
231,-0.04394531,-0.0402832,-0.007324219,0.01739502
232,-0.0189209,-0.03204346,-0.02380371,0.01312256
233,-0.003967285,-0.0100708,-0.01983643,0.003356934
234,0.001831055,-0.003967285,-0.01647949,-0.01556396
235,-0.008850098,-0.009155273,-0.02593994,-0.03143311
236,-0.02929688,-0.0189209,-0.03082275,-0.03387451
237,-0.04302979,-0.03509521,-0.02655029,-0.01983643
238,-0.04119873,-0.0378418,-0.02349854,-0.008239746
239,-0.03265381,-0.0289917,-0.003967285,0.01342773
240,-0.01708984,-0.0213623,0.0003051758,0.02044678
241,-0.003662109,-0.01403809,-0.009765625,0.01251221
242,0.0003051758,0.001525879,-0.009765625,-0.0003051758
243,-0.007629395,-0.004577637,-0.0302124,-0.03143311
244,-0.02166748,-0.01312256,-0.03845215,-0.05462646
245,-0.04547119,-0.03326416,-0.03845215,-0.04486084
246,-0.04669189,-0.03540039,-0.03326416,-0.03265381
247,-0.04577637,-0.03570557,-0.01556396,-0.007324219
248,-0.03387451,-0.03692627,-0.009155273,0.008239746
249,-0.01678467,-0.02441406,-0.004272461,0.01617432
250,-0.008239746,-0.02502441,-0.01068115,0.01037598
251,-0.0003051758,-0.01556396,-0.01373291,-0.001220703
252,-0.00213623,-0.01861572,-0.03387451,-0.03448486
253,-0.01983643,-0.02441406,-0.03173828,-0.03082275
254,-0.03509521,-0.03692627,-0.03997803,-0.02807617
255,-0.03173828,-0.02410889,-0.008850098,0.008239746
256,-0.0189209,-0.0189209,-0.005493164,0.01373291
257,-0.003967285,-0.008850098,0,0.002441406
258,-0.009155273,-0.01098633,0.005187988,0.009155273
259,-0.003967285,-0.01403809,-0.01190186,-0.005493164
260,-0.004272461,-0.008239746,-0.03082275,-0.03570557
261,-0.02838135,-0.01708984,-0.03936768,-0.0491333
262,-0.04394531,-0.03387451,-0.03753662,-0.04180908
263,-0.04821777,-0.03570557,-0.02655029,-0.01953125
264,-0.04547119,-0.03997803,-0.00579834,0.01708984
265,-0.01556396,-0.027771,-0.01068115,0.01312256
266,-0.006408691,-0.01739502,-0.0112915,0.009155273
267,-0.004882813,-0.01281738,-0.0100708,-0.00213623
268,-0.01159668,-0.01922607,-0.01373291,-0.01586914
269,-0.01678467,-0.02441406,-0.03112793,-0.0402832
270,-0.03356934,-0.02532959,-0.01831055,-0.02990723
271,-0.03631592,-0.03662109,-0.01281738,-0.01159668
272,-0.03417969,-0.04180908,-0.00579834,0.0177002
273,-0.008850098,-0.02166748,0.004272461,0.02502441
274,-0.0006103516,-0.01403809,0.003356934,0.01373291
275,-0.003662109,-0.01159668,-0.007324219,0.007019043
276,-0.001525879,-0.003356934,-0.02502441,-0.02838135
277,-0.0213623,-0.006408691,-0.03448486,-0.05340576
278,-0.04394531,-0.02624512,-0.03448486,-0.04547119
279,-0.04974365,-0.0378418,-0.027771,-0.0302124
280,-0.04638672,-0.03967285,-0.01983643,-0.002746582
281,-0.03326416,-0.03265381,-0.01342773,0.01312256
282,-0.01434326,-0.01953125,-0.009460449,0.009460449
283,-0.009155273,-0.01739502,-0.003967285,0.006408691
284,-0.008239746,-0.01281738,-0.008239746,-0.0003051758
285,-0.0112915,-0.01678467,-0.02258301,-0.02319336
286,-0.02105713,-0.02410889,-0.03204346,-0.03448486
287,-0.03875732,-0.0289917,-0.027771,-0.02868652
288,-0.05401611,-0.04302979,-0.01251221,0.00793457
289,-0.03295898,-0.03387451,-0.0003051758,0.03326416
290,-0.0100708,-0.01922607,-0.003967285,0.02563477
291,-0.003662109,-0.008850098,-0.0100708,0.01312256
292,-0.002441406,-0.004272461,-0.009460449,-0.0006103516
293,-0.007629395,-0.009460449,-0.02349854,-0.03387451
294,-0.02593994,-0.02227783,-0.04180908,-0.05187988
295,-0.04455566,-0.027771,-0.03540039,-0.03692627
296,-0.04547119,-0.0378418,-0.03387451,-0.02807617
297,-0.03875732,-0.03997803,-0.008850098,-0.005493164
298,-0.0213623,-0.03570557,-0.0003051758,0.01342773
299,-0.01251221,-0.02532959,-0.007019043,0.01495361
300,0.0003051758,-0.01647949,-0.008850098,0.001525879
301,0.0006103516,-0.01525879,-0.02655029,-0.03051758
302,-0.01464844,-0.008850098,-0.02166748,-0.04058838
303,-0.04119873,-0.02624512,-0.02105713,-0.0302124
304,-0.04943848,-0.03601074,-0.01373291,-0.00579834
305,-0.0402832,-0.03601074,-0.006408691,0.01617432
306,-0.02288818,-0.03082275,-0.0006103516,0.02288818
307,-0.00579834,-0.01922607,-0.002441406,0.009765625
308,-0.003662109,-0.007019043,0.006713867,0.01556396
309,-0.006408691,-0.009155273,-0.01556396,0
310,-0.0112915,-0.01342773,-0.03723145,-0.04180908
311,-0.03479004,-0.03082275,-0.04333496,-0.05493164
312,-0.04486084,-0.03387451,-0.03082275,-0.0390625
313,-0.04638672,-0.0402832,-0.01617432,-0.008850098
314,-0.03997803,-0.04364014,-0.02044678,0.009155273
315,-0.01831055,-0.02258301,-0.01190186,0.01098633
316,-0.009155273,-0.01037598,-0.009460449,0.001831055
317,-0.008850098,-0.00793457,0.0009155273,0.007019043
318,-0.004882813,-0.01403809,-0.01861572,-0.02502441
319,-0.01831055,-0.02502441,-0.02716064,-0.04608154
320,-0.02685547,-0.02929688,-0.02197266,-0.03814697
321,-0.03997803,-0.03082275,-0.004882813,-0.007629395
322,-0.03143311,-0.03570557,0.006713867,0.02105713
323,-0.007629395,-0.02563477,0.003051758,0.02105713
324,0,-0.01556396,-0.01068115,0.0112915
325,0.001525879,-0.0006103516,-0.004577637,-0.0003051758
326,-0.01190186,-0.01373291,-0.01556396,-0.01098633
327,-0.01586914,-0.02105713,-0.03936768,-0.04058838
328,-0.04364014,-0.03631592,-0.04547119,-0.03387451
329,-0.03845215,-0.03875732,-0.03967285,-0.02960205
330,-0.03753662,-0.03936768,-0.02044678,-0.006408691
331,-0.03112793,-0.02960205,-0.01068115,0.01403809
332,-0.01678467,-0.01831055,-0.004272461,0.008850098
333,-0.009155273,-0.01312256,-0.006713867,0.004577637
334,-0.01312256,-0.01800537,-0.0201416,-0.006408691
335,-0.008544922,-0.01678467,-0.03173828,-0.02807617
336,-0.02685547,-0.02258301,-0.03631592,-0.03326416
337,-0.03662109,-0.02197266,-0.01922607,-0.03234863
338,-0.04486084,-0.03845215,-0.0003051758,0.002746582
339,-0.02044678,-0.03234863,0.00793457,0.01800537
340,-0.003356934,-0.02288818,0.006103516,0.00793457
341,-0.005187988,-0.01708984,0.01159668,0.01617432
342,-0.002441406,-0.01312256,-0.01098633,-0.0009155273
343,-0.009765625,-0.007629395,-0.02166748,-0.02227783
344,-0.02410889,-0.02593994,-0.04547119,-0.0479126
345,-0.04119873,-0.03814697,-0.04638672,-0.04425049
346,-0.04302979,-0.03204346,-0.02197266,-0.01800537
347,-0.03967285,-0.03082275,-0.00579834,0.004272461
348,-0.02685547,-0.03387451,-0.006713867,0.01281738
349,-0.008850098,-0.02197266,-0.00793457,0.01190186
350,-0.00793457,-0.01708984,-0.01312256,0.005187988
351,-0.00793457,-0.008850098,-0.01251221,-0.0009155273
352,-0.01373291,-0.01617432,-0.03204346,-0.02563477
353,-0.0302124,-0.02960205,-0.03509521,-0.02044678
354,-0.02838135,-0.03204346,-0.02258301,-0.01617432
355,-0.02655029,-0.03417969,-0.002746582,0.01281738
356,-0.01495361,-0.02441406,0.008239746,0.02929688
357,-0.001220703,-0.0201416,-0.002746582,0.009765625
358,0.002746582,-0.009460449,-0.00579834,0.005187988
359,-0.001525879,0.0003051758,-0.01403809,-0.01678467
360,-0.01647949,-0.01464844,-0.02868652,-0.03967285
361,-0.03112793,-0.02532959,-0.04058838,-0.0567627
362,-0.04608154,-0.03875732,-0.03479004,-0.04058838
363,-0.04821777,-0.04058838,-0.02593994,-0.008850098
364,-0.03692627,-0.03570557,-0.008239746,0.01495361
365,-0.01495361,-0.02685547,-0.009460449,0.007019043
366,-0.007629395,-0.01373291,-0.0009155273,0.008544922
367,-0.00793457,-0.01159668,-0.01037598,0.005493164
368,-0.01556396,-0.01434326,-0.0302124,-0.02166748
369,-0.02410889,-0.02166748,-0.02746582,-0.03173828
370,-0.03936768,-0.03295898,-0.02197266,-0.01434326
371,-0.03295898,-0.04119873,-0.02044678,-0.001831055
372,-0.01800537,-0.02563477,-0.0112915,0.009765625
373,-0.01434326,-0.01739502,0.002746582,0.0213623
374,-0.003051758,-0.009155273,-0.003662109,0.02105713
375,-0.0003051758,-0.001220703,-0.01800537,0.0009155273
376,-0.006408691,-0.005187988,-0.02655029,-0.02319336
377,-0.01586914,-0.01190186,-0.04211426,-0.05004883
378,-0.04302979,-0.02593994,-0.03326416,-0.0402832
379,-0.05096436,-0.04333496,-0.03540039,-0.02593994
380,-0.04211426,-0.03753662,-0.01617432,0.003967285
381,-0.01831055,-0.02441406,-0.008850098,0.01342773
382,-0.0112915,-0.01861572,-0.0112915,0.009155273
383,-0.01068115,-0.01434326,-0.009460449,0.006103516
384,-0.006713867,-0.009765625,-0.02227783,-0.008850098
385,-0.008850098,-0.001220703,-0.02838135,-0.03204346
386,-0.03387451,-0.01708984,-0.02807617,-0.02838135
387,-0.03936768,-0.03448486,-0.02655029,-0.01983643
388,-0.03387451,-0.03753662,-0.01373291,0.006103516
389,-0.01678467,-0.02655029,0.0006103516,0.02532959
390,0.004882813,-0.01251221,-0.001831055,0.01068115
391,0.005493164,-0.006103516,-0.003356934,0.009460449
392,0.003967285,-0.0009155273,-0.01464844,-0.01586914
393,-0.01190186,-0.009460449,-0.01861572,-0.027771
394,-0.02838135,-0.027771,-0.04089355,-0.04241943
395,-0.03845215,-0.03509521,-0.04302979,-0.0402832
396,-0.04669189,-0.04089355,-0.03143311,-0.01739502
397,-0.03295898,-0.03143311,-0.00793457,0.004577637
398,-0.02044678,-0.03082275,-0.002746582,0.01159668
399,-0.00793457,-0.02593994,-0.007019043,0.01739502
400,-0.001525879,-0.01159668,-0.01556396,0.004882813
401,-0.007019043,-0.01068115,-0.02349854,-0.01678467
402,-0.01586914,-0.01495361,-0.02807617,-0.03295898
403,-0.03265381,-0.02929688,-0.02685547,-0.02716064
404,-0.03173828,-0.03540039,-0.02258301,-0.01434326
405,-0.02502441,-0.02960205,-0.01098633,0.01068115
406,-0.0112915,-0.01464844,0.00213623,0.027771
407,-0.00213623,-0.01098633,-0.00213623,0.0213623
408,-0.003662109,-0.007629395,-0.003356934,0.01678467
409,0.0006103516,-0.01312256,-0.02197266,-0.02166748
410,-0.01617432,-0.01312256,-0.03356934,-0.03936768
411,-0.03601074,-0.02197266,-0.03173828,-0.04180908
412,-0.04852295,-0.04211426,-0.03417969,-0.02380371
413,-0.04058838,-0.0378418,-0.01953125,0.0006103516
414,-0.02441406,-0.02716064,-0.00793457,0.01434326
415,-0.0213623,-0.02349854,-0.0112915,0.01800537
416,-0.01281738,-0.01708984,-0.01220703,0.004882813
417,-0.01434326,-0.01556396,-0.007019043,-0.001525879
418,-0.01068115,-0.01617432,-0.0213623,-0.02258301
419,-0.02319336,-0.01800537,-0.0302124,-0.0302124
420,-0.03631592,-0.02624512,-0.02655029,-0.02258301
421,-0.0390625,-0.03662109,-0.01464844,-0.001525879
422,-0.02349854,-0.02716064,0.001525879,0.02380371
423,-0.0112915,-0.01647949,0.003356934,0.03509521
424,0.003356934,-0.006713867,-0.01312256,0.01464844
425,-0.0003051758,-0.002746582,-0.01556396,-0.005493164
426,-0.01037598,-0.00793457,-0.02441406,-0.02227783
427,-0.0302124,-0.01800537,-0.04333496,-0.03997803
428,-0.04394531,-0.02624512,-0.03814697,-0.03723145
429,-0.04364014,-0.03387451,-0.02960205,-0.027771
430,-0.03479004,-0.03387451,-0.01708984,-0.007324219
431,-0.02960205,-0.02624512,0.001525879,0.0189209
432,-0.01556396,-0.02960205,-0.009765625,0.01525879
433,-0.004577637,-0.01678467,-0.01342773,0.003051758
434,0.0006103516,-0.006103516,-0.01251221,-0.01525879
435,-0.01190186,-0.009155273,-0.02502441,-0.0302124
436,-0.03265381,-0.01434326,-0.01922607,-0.02716064
437,-0.04211426,-0.03448486,-0.01800537,-0.01586914
438,-0.03814697,-0.03631592,-0.004882813,0.01831055
439,-0.01495361,-0.02746582,-0.006408691,0.01953125
440,-0.008544922,-0.01373291,-0.003051758,0.0177002
441,-0.002746582,-0.01068115,0.002441406,0.02319336
442,0.003356934,-0.00579834,-0.01464844,-0.0009155273
443,-0.004577637,-0.01556396,-0.03692627,-0.03509521
444,-0.0289917,-0.02532959,-0.04760742,-0.04852295
445,-0.04425049,-0.03448486,-0.03570557,-0.03753662
446,-0.04180908,-0.03723145,-0.02227783,-0.01068115
447,-0.03082275,-0.02838135,-0.01037598,0.01281738
448,-0.01739502,-0.02349854,-0.01190186,0.01342773
449,-0.01190186,-0.02532959,-0.00793457,0.02075195
450,0.005187988,-0.009460449,-0.01678467,0.003967285
451,-0.004577637,-0.003662109,-0.02166748,-0.02258301
452,-0.02197266,-0.01220703,-0.03570557,-0.03509521
453,-0.03814697,-0.02288818,-0.03387451,-0.03082275
454,-0.04699707,-0.02349854,-0.008239746,-0.0003051758
455,-0.04547119,-0.03570557,0.003967285,0.03234863
456,-0.01861572,-0.02716064,0.002441406,0.03570557
457,0.0003051758,-0.01464844,0.004882813,0.02319336
458,-0.001525879,-0.01831055,-0.01617432,0.006713867
459,-0.002746582,0.0003051758,-0.01495361,-0.0112915
460,-0.0189209,-0.01647949,-0.03356934,-0.03936768
461,-0.03326416,-0.0302124,-0.04180908,-0.04486084
462,-0.04486084,-0.03479004,-0.02960205,-0.02929688
463,-0.04180908,-0.03356934,-0.02441406,-0.008850098
464,-0.03479004,-0.02288818,-0.007629395,0.01159668
465,-0.02044678,-0.01678467,-0.009155273,0.008239746
466,-0.01251221,-0.02075195,-0.008239746,0.001831055
467,-0.006713867,-0.009765625,-0.007019043,-0.002441406
468,-0.0177002,-0.01800537,-0.02380371,-0.02105713
469,-0.03204346,-0.0201416,-0.02227783,-0.01647949
470,-0.03845215,-0.03540039,-0.03265381,-0.01434326
471,-0.03265381,-0.03173828,-0.0213623,-0.00213623
472,-0.02349854,-0.02532959,0.0009155273,0.02227783
473,-0.01190186,-0.01983643,-0.0009155273,0.02960205
474,-0.003356934,-0.0112915,-0.006713867,0.02563477
475,0.0112915,-0.005493164,-0.01434326,-0.0006103516
476,0.007629395,-0.00213623,-0.02990723,-0.0378418
477,-0.0201416,-0.01159668,-0.03448486,-0.0491333
478,-0.04302979,-0.03387451,-0.03570557,-0.04150391
479,-0.04333496,-0.03662109,-0.02655029,-0.0201416
480,-0.04241943,-0.03936768,-0.01708984,0.009460449
481,-0.02380371,-0.02838135,-0.01220703,0.01831055
482,-0.009460449,-0.01800537,-0.007019043,0.01861572
483,-0.002441406,-0.01403809,-0.01434326,0.006408691
484,-0.00213623,-0.01190186,-0.02960205,-0.01983643
485,-0.00793457,-0.005187988,-0.02655029,-0.03875732
486,-0.027771,-0.02044678,-0.01800537,-0.03173828
487,-0.04211426,-0.03631592,-0.01922607,-0.006408691
488,-0.03448486,-0.03540039,-0.008544922,0.01647949
489,-0.01586914,-0.02868652,0.0003051758,0.03143311
490,-0.002441406,-0.01861572,-0.01373291,0.0213623
491,0.002441406,-0.007019043,-0.00579834,0.01586914
492,0.003967285,-0.004577637,-0.02075195,-0.01831055
493,-0.01281738,-0.01068115,-0.03173828,-0.03692627
494,-0.02929688,-0.01983643,-0.03936768,-0.04669189
495,-0.04333496,-0.03356934,-0.03540039,-0.04547119
496,-0.05462646,-0.04425049,-0.01098633,0.001220703
497,-0.03692627,-0.04119873,-0.01281738,0.01403809
498,-0.01678467,-0.02532959,-0.01190186,0.01159668
499,-0.0112915,-0.01800537,-0.008239746,0.008544922
500,-0.005493164,-0.0100708,-0.007019043,0.001831055
501,-0.01647949,-0.006713867,-0.0100708,-0.006408691
502,-0.02532959,-0.02624512,-0.03204346,-0.027771
503,-0.03387451,-0.02502441,-0.02655029,-0.01678467
504,-0.03387451,-0.03326416,-0.02410889,-0.01647949
505,-0.02960205,-0.02349854,0.005493164,0.01678467
506,-0.01617432,-0.02105713,0.006103516,0.02410889
507,0.0003051758,-0.01159668,-0.00579834,0.01220703
508,0.001525879,0.0003051758,-0.01220703,-0.0003051758
509,-0.003051758,-0.001220703,-0.01708984,-0.02288818
510,-0.0177002,-0.02197266,-0.03448486,-0.03845215
511,-0.02807617,-0.02380371,-0.03967285,-0.03631592
512,-0.04455566,-0.03112793,-0.03753662,-0.02441406
513,-0.04241943,-0.0378418,-0.03143311,-0.009765625
514,-0.027771,-0.0201416,-0.003356934,0.01373291
515,-0.01586914,-0.01831055,-0.002441406,0.01647949
516,-0.0009155273,-0.008850098,-0.01037598,0.0003051758
517,-0.008239746,-0.01281738,-0.01373291,-0.01312256
518,-0.01068115,-0.01495361,-0.01983643,-0.0302124
519,-0.02929688,-0.02624512,-0.02166748,-0.02044678
520,-0.02838135,-0.02960205,-0.02227783,-0.01556396
521,-0.02655029,-0.03082275,-0.009460449,-0.00213623
522,-0.01678467,-0.02563477,0.008850098,0.02288818
523,-0.01068115,-0.0177002,0.003967285,0.02532959
524,-0.003967285,-0.01220703,-0.001525879,0.01708984
525,0,-0.007019043,-0.007019043,0.0009155273
526,-0.007629395,-0.01098633,-0.02563477,-0.02166748
527,-0.02716064,-0.03448486,-0.04730225,-0.04058838
528,-0.03082275,-0.03082275,-0.03509521,-0.03967285
529,-0.04119873,-0.04089355,-0.0213623,-0.02288818
530,-0.03631592,-0.04058838,-0.00793457,0.005187988
531,-0.01739502,-0.03082275,-0.00579834,0.01251221
532,-0.006408691,-0.0189209,-0.003356934,0.01464844
533,-0.008850098,-0.01251221,-0.007629395,0.01281738
534,-0.01190186,-0.01495361,-0.0189209,-0.0100708
535,-0.01800537,-0.02532959,-0.03234863,-0.03204346
536,-0.02288818,-0.02197266,-0.01983643,-0.02593994
537,-0.03570557,-0.0302124,-0.02624512,-0.01647949
538,-0.03417969,-0.02227783,-0.00213623,0.0112915
539,-0.0213623,-0.02166748,0.003356934,0.02563477
540,0.002746582,-0.006103516,-0.0009155273,0.0100708
541,-0.001525879,-0.0003051758,-0.002441406,0.001525879
542,-0.01068115,-0.002746582,-0.009155273,-0.01525879
543,-0.02655029,-0.01373291,-0.02288818,-0.0302124
544,-0.03601074,-0.02929688,-0.0390625,-0.04241943
545,-0.0378418,-0.03448486,-0.0402832,-0.04516602
546,-0.04577637,-0.03448486,-0.01068115,-0.006103516
547,-0.03204346,-0.03387451,-0.003051758,0.01678467
548,-0.01434326,-0.02532959,-0.01251221,0.008239746
549,-0.00793457,-0.01068115,-0.001831055,0.01251221
550,-0.003662109,-0.008239746,-0.008544922,0.001220703
551,-0.01037598,-0.01220703,-0.01617432,-0.009460449
552,-0.02044678,-0.02044678,-0.03417969,-0.02685547
553,-0.027771,-0.0289917,-0.03540039,-0.02838135
554,-0.03204346,-0.02563477,-0.01953125,-0.01220703
555,-0.02716064,-0.02502441,0.005493164,0.01861572
556,-0.0112915,-0.0177002,0.01098633,0.02349854
557,-0.001525879,-0.01617432,0.005493164,0.01281738
558,0.005493164,-0.00793457,-0.001220703,-0.001220703
559,-0.007019043,-0.01190186,-0.0177002,-0.01403809
560,-0.01434326,-0.01190186,-0.03509521,-0.0378418
561,-0.03570557,-0.02227783,-0.04272461,-0.04577637
562,-0.04608154,-0.03265381,-0.03143311,-0.03204346
563,-0.0479126,-0.03631592,-0.0177002,-0.00213623
564,-0.03356934,-0.02349854,0.0009155273,0.01800537
565,-0.01831055,-0.01922607,-0.01312256,0.004577637
566,-0.01678467,-0.01037598,-0.0003051758,0.004577637
567,-0.01068115,-0.0177002,-0.008544922,0.001525879
568,-0.004882813,-0.01861572,-0.03234863,-0.02471924
569,-0.01861572,-0.02319336,-0.03662109,-0.03997803
570,-0.03265381,-0.02319336,-0.02075195,-0.02319336
571,-0.03540039,-0.02288818,-0.006713867,-0.003967285
572,-0.02716064,-0.02105713,0.01220703,0.01586914
573,-0.01068115,-0.01495361,0.01373291,0.02258301
574,-0.006408691,-0.008544922,0.007629395,0.02288818
575,0.001831055,-0.00579834,-0.009460449,-0.007019043
576,-0.006408691,-0.008850098,-0.01922607,-0.02532959
577,-0.02624512,-0.02532959,-0.04608154,-0.05706787
578,-0.04608154,-0.03570557,-0.02563477,-0.03967285
579,-0.0491333,-0.04089355,-0.0177002,-0.01495361
580,-0.03540039,-0.03997803,-0.005187988,0.004272461
581,-0.01342773,-0.02593994,0,0.003967285
582,-0.01251221,-0.01495361,0.00213623,0.007019043
583,-0.01586914,-0.01373291,0.0009155273,0.01098633
584,-0.01647949,-0.01678467,-0.01434326,-0.003356934
585,-0.0201416,-0.02532959,-0.03448486,-0.03204346
586,-0.03112793,-0.03082275,-0.0289917,-0.02258301
587,-0.03051758,-0.02563477,-0.01617432,-0.01190186
588,-0.02990723,-0.02868652,0.004272461,0.01068115
589,-0.01312256,-0.02166748,0.01068115,0.02593994
590,-0.0003051758,-0.01251221,0.00213623,0.0100708
591,0.003967285,-0.008544922,0.00579834,0.008544922
592,-0.009155273,-0.01251221,-0.0177002,-0.001525879
593,-0.01495361,-0.01159668,-0.03479004,-0.03387451
594,-0.03143311,-0.02288818,-0.04089355,-0.04486084
595,-0.04058838,-0.03417969,-0.03387451,-0.0402832
596,-0.04119873,-0.03936768,-0.008239746,-0.002441406
597,-0.02838135,-0.03326416,-0.003967285,0.01800537
598,-0.009460449,-0.02197266,-0.008239746,0.01251221
599,-0.003356934,-0.01251221,-0.005187988,0.008850098
600,-0.0003051758,-0.009460449,-0.01434326,-0.002441406
601,-0.01983643,-0.01312256,-0.02716064,-0.00793457
602,-0.01739502,-0.01556396,-0.03662109,-0.02960205
603,-0.0302124,-0.02716064,-0.02685547,-0.02349854
604,-0.0302124,-0.03753662,-0.0213623,-0.006103516
605,-0.01647949,-0.02471924,0.001525879,0.01800537
606,-0.003967285,-0.01495361,0.006713867,0.02227783
607,-0.001220703,-0.008544922,-0.001220703,0.01647949
608,0.004577637,-0.0006103516,-0.0003051758,0.004272461
609,-0.003356934,-0.008544922,-0.01739502,-0.02105713
610,-0.01678467,-0.02166748,-0.03112793,-0.03753662
611,-0.02655029,-0.03204346,-0.03540039,-0.04608154
612,-0.03967285,-0.04241943,-0.03295898,-0.02807617
613,-0.03814697,-0.03356934,-0.01312256,-0.001220703
614,-0.027771,-0.02960205,-0.001525879,0.01678467
615,-0.0112915,-0.01831055,-0.001220703,0.01708984
616,0.001831055,-0.01525879,-0.005187988,-0.0006103516
617,-0.003051758,-0.01953125,-0.01495361,-0.00793457
618,-0.01037598,-0.0177002,-0.02258301,-0.01678467
619,-0.02288818,-0.02227783,-0.02410889,-0.0213623
620,-0.03295898,-0.02746582,-0.02227783,-0.01403809
621,-0.03448486,-0.03326416,-0.01342773,0.01068115
622,-0.01251221,-0.01922607,-0.002441406,0.02258301
623,-0.002441406,-0.01373291,-0.003967285,0.01678467
624,0.004577637,-0.007324219,-0.002746582,0.01251221
625,0.007019043,0.001525879,-0.004577637,0.001525879
626,-0.009460449,-0.007629395,-0.0302124,-0.01922607
627,-0.02868652,-0.02410889,-0.05218506,-0.04425049
628,-0.04272461,-0.02807617,-0.03723145,-0.03509521
629,-0.04974365,-0.04119873,-0.0189209,-0.01159668
630,-0.03479004,-0.03570557,-0.006103516,0.01312256
631,-0.01739502,-0.02655029,-0.003967285,0.00793457
632,-0.007629395,-0.02227783,-0.003356934,0.00793457
633,-0.004882813,-0.006713867,-0.002746582,0.01342773
634,-0.006408691,-0.007629395,-0.01647949,-0.005187988
635,-0.01556396,-0.01922607,-0.03356934,-0.02929688
636,-0.02624512,-0.02593994,-0.02746582,-0.02197266
637,-0.02410889,-0.027771,-0.02655029,-0.02044678
638,-0.02716064,-0.02288818,0.00793457,0.01647949
639,-0.01098633,-0.02075195,0.007629395,0.03326416
640,0.0003051758,-0.01068115,-0.004577637,0.02716064
641,0.01251221,-0.005187988,-0.008239746,0.006713867
642,0.009460449,-0.00579834,-0.02288818,-0.01586914
643,-0.004882813,-0.00579834,-0.03662109,-0.03997803
644,-0.02502441,-0.01159668,-0.03509521,-0.04486084
645,-0.04608154,-0.03265381,-0.02685547,-0.02746582
646,-0.03845215,-0.03936768,-0.01678467,-0.00579834
647,-0.02685547,-0.02990723,-0.001220703,0.01312256
648,-0.02044678,-0.02227783,-0.003662109,0.02227783
649,-0.01190186,-0.01068115,-0.00579834,0.01434326
650,-0.001831055,-0.008850098,-0.008850098,-0.007019043
651,-0.01037598,-0.0112915,-0.01251221,-0.02105713
652,-0.02044678,-0.02838135,-0.02349854,-0.02624512
653,-0.02471924,-0.027771,-0.02410889,-0.01434326
654,-0.02807617,-0.03204346,-0.02380371,0.001831055
655,-0.01251221,-0.01861572,-0.007629395,0.01190186
656,-0.00579834,-0.0112915,-0.00213623,0.0201416
657,0.002746582,0.001525879,0.002746582,0.01922607
658,-0.0009155273,0.00213623,-0.004577637,0.01495361
659,-0.006408691,-0.005187988,-0.03112793,-0.01953125
660,-0.02227783,-0.02075195,-0.04821777,-0.04486084
661,-0.03265381,-0.02838135,-0.03845215,-0.03814697
662,-0.03967285,-0.03387451,-0.02746582,-0.01098633
663,-0.03387451,-0.03448486,-0.01953125,0.006103516
664,-0.01464844,-0.02349854,-0.01098633,0.01098633
665,-0.002746582,-0.01586914,-0.005187988,0.00793457
666,-0.004272461,-0.009460449,-0.005187988,0.01251221
667,-0.007324219,-0.005187988,-0.01983643,-0.007019043
668,-0.01373291,-0.0112915,-0.03173828,-0.03387451
669,-0.02471924,-0.01342773,-0.02044678,-0.02563477
670,-0.03417969,-0.0289917,-0.02410889,-0.01739502
671,-0.03265381,-0.02685547,-0.0006103516,0.01190186
672,-0.0189209,-0.02227783,0.00793457,0.03234863
673,-0.003051758,-0.006408691,0.00579834,0.02258301
674,-0.002746582,-0.01037598,0.00579834,0.01617432
675,-0.003356934,-0.01434326,-0.01647949,-0.008544922
676,-0.006408691,-0.008239746,-0.02624512,-0.03082275
677,-0.02349854,-0.01678467,-0.03662109,-0.050354
678,-0.03723145,-0.03326416,-0.03265381,-0.03723145
679,-0.04272461,-0.03814697,-0.02593994,-0.01312256
680,-0.03112793,-0.027771,-0.007629395,0.005493164
681,-0.02471924,-0.01861572,0.004272461,0.02593994
682,-0.004882813,-0.01098633,-0.007019043,0.01556396
683,-0.0112915,-0.006713867,-0.01159668,0.005187988
684,-0.01220703,-0.01037598,-0.01068115,-0.007019043
685,-0.01251221,-0.01525879,-0.02685547,-0.02838135
686,-0.02838135,-0.02258301,-0.02807617,-0.01983643
687,-0.03082275,-0.02838135,-0.02044678,-0.01312256
688,-0.02410889,-0.03082275,0.001525879,0.01617432
689,-0.007019043,-0.01953125,0.009765625,0.02960205
690,-0.0003051758,-0.01220703,0.0009155273,0.02044678
691,0.003051758,-0.01098633,-0.006713867,0.009460449
692,0.007324219,-0.008239746,-0.02624512,-0.02075195
693,-0.002746582,-0.00579834,-0.03356934,-0.04974365
694,-0.03448486,-0.01800537,-0.02563477,-0.03967285
695,-0.04669189,-0.03692627,-0.0289917,-0.02960205
696,-0.04608154,-0.03997803,-0.02227783,-0.008239746
697,-0.03692627,-0.03082275,-0.0006103516,0.01495361
698,-0.0177002,-0.02593994,-0.0009155273,0.01647949
699,-0.007629395,-0.01342773,-0.0003051758,0.0100708
700,-0.004272461,-0.0112915,-0.0003051758,-0.0009155273
701,-0.006408691,-0.0177002,-0.01708984,-0.02044678
702,-0.01037598,-0.02044678,-0.02349854,-0.04058838
703,-0.03753662,-0.02868652,-0.01678467,-0.0112915
704,-0.03387451,-0.02929688,-0.007324219,0.009460449
705,-0.02258301,-0.02838135,-0.001220703,0.02532959
706,0.0003051758,-0.009155273,-0.0003051758,0.01251221
707,-0.001220703,-0.0003051758,0.007019043,0.01464844
708,-0.0003051758,-0.008239746,0.0003051758,-0.005187988
709,-0.009155273,-0.01678467,-0.01831055,-0.02258301
710,-0.0213623,-0.01922607,-0.03387451,-0.03997803
711,-0.03601074,-0.0402832,-0.04180908,-0.04394531
712,-0.0378418,-0.04211426,-0.02441406,-0.02288818
713,-0.03295898,-0.03570557,-0.00793457,0.0006103516
714,-0.02349854,-0.02624512,-0.0003051758,0.01190186
715,-0.01159668,-0.01739502,-0.003967285,0.0112915
716,-0.007019043,-0.008239746,-0.003967285,0.006713867
717,-0.009765625,-0.003356934,-0.006713867,-0.003356934
718,-0.02227783,-0.01403809,-0.01983643,-0.01739502
719,-0.0302124,-0.02624512,-0.01831055,-0.01220703
720,-0.02349854,-0.027771,-0.02441406,-0.01464844
721,-0.0289917,-0.02532959,-0.002441406,0.01647949
722,-0.01373291,-0.01800537,0.004272461,0.03082275
723,-0.0009155273,-0.0112915,-0.00213623,0.02258301
724,0.004882813,-0.003051758,-0.0006103516,0.01586914
725,0.003967285,-0.0003051758,-0.01922607,-0.01190186
726,-0.007324219,-0.004272461,-0.02655029,-0.03204346
727,-0.02532959,-0.01739502,-0.03631592,-0.03601074
728,-0.0378418,-0.03509521,-0.04699707,-0.03753662
729,-0.04272461,-0.02960205,-0.02227783,-0.01159668
730,-0.03875732,-0.03631592,-0.01190186,0.0213623
731,-0.01617432,-0.01678467,-0.007019043,0.027771
732,-0.005493164,-0.01037598,-0.0009155273,0.01647949
733,0.001831055,-0.01068115,-0.005187988,0.006713867
734,-0.001831055,-0.0100708,-0.02105713,-0.0189209
735,-0.01678467,-0.0189209,-0.03814697,-0.03753662
736,-0.03295898,-0.02349854,-0.02410889,-0.02349854
737,-0.02960205,-0.0213623,-0.01068115,-0.008850098
738,-0.0289917,-0.01983643,0.01068115,0.02593994
739,-0.009460449,-0.01647949,0.001525879,0.02410889
740,0.001831055,-0.003356934,0.003662109,0.0189209
741,-0.002441406,-0.003967285,-0.005187988,0.0112915
742,-0.0003051758,-0.0009155273,-0.01739502,-0.01861572
743,-0.01922607,-0.007019043,-0.0302124,-0.04058838
744,-0.03845215,-0.02075195,-0.03173828,-0.04211426
745,-0.04730225,-0.03509521,-0.02502441,-0.02166748
746,-0.03631592,-0.03723145,-0.009155273,-0.0009155273
747,-0.02288818,-0.03509521,-0.006713867,0.01861572
748,-0.007019043,-0.01312256,-0.004882813,0.01342773
749,-0.007019043,-0.008544922,-0.001525879,0.0112915
750,-0.007629395,-0.009460449,-0.008544922,0.0003051758
751,-0.0100708,-0.01556396,-0.0213623,-0.02319336
752,-0.02197266,-0.02227783,-0.01831055,-0.02044678
753,-0.02166748,-0.02410889,-0.02105713,-0.02075195
754,-0.02990723,-0.02960205,-0.009155273,0.001831055
755,-0.02075195,-0.01983643,0.003967285,0.01983643
756,-0.006103516,-0.00793457,0.006408691,0.02349854
757,0.003356934,-0.001525879,-0.0009155273,0.01464844
758,0.004882813,0.001831055,-0.007629395,-0.006408691
759,-0.006713867,-0.004577637,-0.01983643,-0.02502441
760,-0.01922607,-0.01159668,-0.03601074,-0.04669189
761,-0.04058838,-0.02349854,-0.03509521,-0.04150391
762,-0.05340576,-0.03204346,-0.02166748,-0.01190186
763,-0.03845215,-0.03173828,-0.009460449,0.009155273
764,-0.02166748,-0.03204346,-0.003662109,0.01678467
765,-0.002746582,-0.02044678,-0.003662109,0.01678467
766,0.001525879,-0.009155273,-0.007324219,0.01098633
767,0.0003051758,-0.007324219,-0.02227783,-0.0177002
768,-0.02044678,-0.01403809,-0.03082275,-0.03601074
769,-0.04119873,-0.02746582,-0.0201416,-0.01739502
770,-0.03448486,-0.03143311,-0.0112915,0.00213623
771,-0.02349854,-0.03234863,-0.01403809,0.01831055
772,-0.004577637,-0.009460449,0.005493164,0.02838135
773,0.005493164,-0.004577637,0.0003051758,0.0177002
774,-0.0003051758,-0.006713867,-0.007324219,0.01068115
775,0.006408691,0.002441406,-0.0112915,-0.009765625
776,-0.01220703,-0.005493164,-0.03875732,-0.0378418
777,-0.03326416,-0.008850098,-0.03875732,-0.04516602
778,-0.05126953,-0.03082275,-0.03173828,-0.02838135
779,-0.05187988,-0.04425049,-0.01556396,0.004577637
780,-0.0302124,-0.03875732,0.0003051758,0.02166748
781,-0.01068115,-0.03143311,-0.003662109,0.0201416
782,-0.001831055,-0.01831055,-0.01281738,0.01190186
783,0.0009155273,-0.004272461,-0.01434326,-0.003051758
784,-0.009765625,-0.007629395,-0.0189209,-0.01464844
785,-0.02288818,-0.01922607,-0.03204346,-0.02838135
786,-0.03051758,-0.02593994,-0.02319336,-0.01831055
787,-0.02441406,-0.02685547,-0.0112915,-0.0006103516
788,-0.02349854,-0.0289917,-0.003356934,0.03234863
789,0.0009155273,-0.008850098,-0.001525879,0.02075195
790,-0.001525879,-0.008850098,-0.0006103516,0.01922607
791,0.003967285,-0.0003051758,-0.003356934,0.003967285
792,-0.001525879,-0.003356934,-0.01861572,-0.02838135
793,-0.0213623,-0.01190186,-0.03479004,-0.04486084
794,-0.03448486,-0.02227783,-0.02685547,-0.05065918
795,-0.04669189,-0.0402832,-0.01495361,-0.01617432
796,-0.03845215,-0.03753662,-0.009460449,0.01556396
797,-0.0201416,-0.02960205,-0.0100708,0.01983643
798,-0.006103516,-0.02166748,-0.01312256,0.004882813
799,-0.004577637,-0.01495361,0.003051758,0.01037598
800,-0.001525879,-0.009765625,-0.006408691,0.001831055
801,-0.0112915,-0.01678467,-0.02258301,-0.01953125
802,-0.02105713,-0.02075195,-0.02319336,-0.01983643
803,-0.02593994,-0.02716064,-0.0201416,-0.01953125
804,-0.02655029,-0.02716064,-0.003662109,0.008850098
805,-0.01800537,-0.02227783,0.01037598,0.03265381
806,-0.001525879,-0.01617432,0.00579834,0.02258301
807,0.006103516,-0.01434326,0.003051758,0.01708984
808,0.008544922,-0.006408691,-0.01159668,-0.006408691
809,-0.004577637,-0.004577637,-0.02502441,-0.02685547
810,-0.02319336,-0.01647949,-0.03662109,-0.04699707
811,-0.03936768,-0.0289917,-0.03265381,-0.03753662
812,-0.04302979,-0.03479004,-0.02410889,-0.01617432
813,-0.03753662,-0.027771,-0.003967285,0.01037598
814,-0.02258301,-0.02655029,-0.002441406,0.01983643
815,-0.01342773,-0.01281738,0.0009155273,0.01434326
816,-0.00213623,-0.01190186,0.001525879,-0.005187988
817,-0.009155273,-0.0100708,0.002746582,-0.008544922
818,-0.01800537,-0.02746582,-0.02532959,-0.02319336
819,-0.02105713,-0.02593994,-0.02288818,-0.01586914
820,-0.02288818,-0.02410889,-0.01922607,-0.003662109
821,-0.02532959,-0.02288818,-0.008239746,0.0189209
822,-0.01251221,-0.01312256,0,0.02838135
823,-0.0006103516,-0.003967285,0.003051758,0.01586914
824,0.0009155273,-0.0003051758,0.003356934,0.006713867
825,-0.007629395,-0.004272461,-0.007019043,-0.01068115
826,-0.01312256,-0.01068115,-0.02441406,-0.03112793
827,-0.02716064,-0.02410889,-0.03662109,-0.03967285
828,-0.03387451,-0.03112793,-0.03753662,-0.03814697
829,-0.04302979,-0.03234863,-0.01525879,-0.002746582
830,-0.02868652,-0.02624512,-0.002441406,0.01373291
831,-0.01251221,-0.02227783,0.0009155273,0.01068115
832,-0.009460449,-0.01678467,0.008850098,0.01922607
833,0.001220703,-0.01190186,-0.002746582,0.001220703
834,-0.009460449,-0.007324219,-0.01586914,-0.0177002
835,-0.02288818,-0.01617432,-0.02441406,-0.02441406
836,-0.03387451,-0.02349854,-0.02746582,-0.01617432
837,-0.03143311,-0.02929688,-0.007629395,0.007324219
838,-0.01403809,-0.0213623,0.0003051758,0.02655029
839,0.0006103516,-0.008850098,-0.0006103516,0.02197266
840,0.003662109,0.0006103516,0.002746582,0.0189209
841,0.003662109,-0.006103516,-0.006713867,0.005187988
842,-0.002441406,-0.007019043,-0.02349854,-0.01464844
843,-0.01434326,-0.01281738,-0.04486084,-0.04608154
844,-0.04272461,-0.02410889,-0.04241943,-0.04119873
845,-0.04821777,-0.03295898,-0.02105713,-0.02044678
846,-0.04608154,-0.03936768,-0.01068115,0.01251221
847,-0.0177002,-0.02593994,-0.01403809,0.004577637
848,-0.01190186,-0.01373291,-0.001831055,0.01281738
849,-0.0100708,-0.01190186,-0.005187988,0.01403809
850,-0.0003051758,-0.008850098,-0.01922607,-0.004882813
851,-0.009155273,-0.003967285,-0.02502441,-0.02532959
852,-0.03509521,-0.02624512,-0.02166748,-0.02105713
853,-0.03143311,-0.03875732,-0.02624512,-0.01647949
854,-0.02746582,-0.03051758,-0.005493164,0.00793457
855,-0.02166748,-0.02838135,0.006408691,0.03997803
856,0.0009155273,-0.01159668,0.001220703,0.02227783
857,0.003967285,-0.004272461,0.008544922,0.01190186
858,0.002746582,-0.007019043,-0.006408691,0
859,-0.004272461,-0.008544922,-0.02410889,-0.02960205
860,-0.02593994,-0.0289917,-0.03448486,-0.03601074
861,-0.03387451,-0.03753662,-0.03540039,-0.02990723
862,-0.03662109,-0.03662109,-0.02288818,-0.009155273
863,-0.03356934,-0.03570557,-0.01403809,0.01190186
864,-0.01281738,-0.02227783,-0.0003051758,0.01586914
865,-0.009460449,-0.02288818,-0.0100708,0.01678467
866,-0.0009155273,-0.006408691,-0.00579834,0.01434326
867,0.001525879,-0.001220703,-0.01617432,-0.01617432
868,-0.01861572,-0.0213623,-0.02960205,-0.03326416
869,-0.03112793,-0.02349854,-0.02807617,-0.02258301
870,-0.04150391,-0.027771,-0.01800537,-0.002746582
871,-0.02746582,-0.0201416,0.0006103516,0.02197266
872,-0.009460449,-0.01373291,0.00579834,0.02227783
873,-0.001525879,-0.007629395,0.001831055,0.02166748
874,-0.002746582,-0.003051758,-0.004577637,0.01312256
875,-0.0009155273,-0.0009155273,-0.01342773,-0.006713867
876,-0.0100708,-0.0100708,-0.02685547,-0.03082275
877,-0.02441406,-0.01922607,-0.03082275,-0.03204346
878,-0.03601074,-0.03295898,-0.03601074,-0.03204346
879,-0.050354,-0.03997803,-0.01647949,0.007019043
880,-0.027771,-0.02593994,-0.003051758,0.01800537
881,-0.01190186,-0.01617432,0.00579834,0.02227783
882,-0.003662109,-0.01556396,-0.003356934,0.01861572
883,-0.0003051758,-0.005493164,-0.01190186,0.003356934
884,-0.008239746,-0.0100708,-0.02166748,-0.01373291
885,-0.01708984,-0.02716064,-0.03265381,-0.027771
886,-0.02380371,-0.03662109,-0.03051758,-0.02532959
887,-0.02563477,-0.02746582,-0.01861572,-0.004272461
888,-0.02868652,-0.02105713,0.003662109,0.02746582
889,-0.003356934,-0.00793457,0.01098633,0.02593994
890,0.003967285,-0.004577637,0.007324219,0.02410889
891,0.004882813,-0.00213623,-0.001525879,0.003051758
892,-0.003356934,-0.008544922,-0.01861572,-0.02258301
893,-0.02288818,-0.01556396,-0.03204346,-0.04333496
894,-0.03814697,-0.02960205,-0.03143311,-0.0378418
895,-0.04608154,-0.03967285,-0.0189209,-0.0112915
896,-0.0302124,-0.03509521,-0.006408691,0.01556396
897,-0.01556396,-0.02838135,-0.01556396,0.01312256
898,-0.003356934,-0.009460449,-0.0009155273,0.01190186
899,0.001220703,-0.009155273,-0.006713867,0
900,-0.0112915,-0.007629395,-0.006103516,-0.003662109
901,-0.01495361,-0.01342773,-0.01464844,-0.01922607
902,-0.02868652,-0.02349854,-0.01861572,-0.01953125
903,-0.03479004,-0.03509521,-0.01525879,-0.02044678
904,-0.0289917,-0.03753662,0.00579834,0.01098633
905,-0.0112915,-0.02349854,0.01953125,0.03112793
906,0.00213623,-0.01556396,0.006408691,0.02166748
907,0.002441406,-0.01251221,0.0009155273,0.02105713
908,0.01922607,-0.00213623,-0.01861572,-0.01281738
909,-0.001220703,0.003051758,-0.02349854,-0.03356934
910,-0.02716064,-0.01708984,-0.03479004,-0.0479126
911,-0.04150391,-0.02288818,-0.02716064,-0.03662109
912,-0.04730225,-0.03753662,-0.02227783,-0.01739502
913,-0.03265381,-0.03326416,-0.007019043,0.004577637
914,-0.01434326,-0.02319336,-0.001831055,0.01037598
915,-0.006408691,-0.01586914,-0.0003051758,0.01495361
916,-0.004882813,-0.009155273,-0.007324219,0.009765625
917,-0.003356934,-0.009460449,-0.02593994,-0.01678467
918,-0.0112915,-0.007629395,-0.027771,-0.03509521
919,-0.03051758,-0.01739502,-0.01434326,-0.02319336
920,-0.04302979,-0.03448486,-0.01220703,0.005187988
921,-0.02471924,-0.02380371,-0.00579834,0.0201416
922,-0.008239746,-0.01312256,0.005493164,0.02380371
923,0.002441406,-0.00579834,0.008850098,0.02532959
924,0.007019043,-0.004272461,-0.001525879,0.01525879
925,-0.005187988,-0.003051758,-0.01739502,-0.003356934
926,-0.01556396,-0.006103516,-0.02563477,-0.02502441
927,-0.0302124,-0.02471924,-0.04058838,-0.0491333
928,-0.04394531,-0.03051758,-0.01800537,-0.02593994
929,-0.04425049,-0.03601074,-0.004577637,0.002746582
930,-0.03204346,-0.03326416,0.0003051758,0.02441406
931,-0.007629395,-0.02349854,-0.008850098,0.01098633
932,-0.0003051758,-0.01068115,-0.0112915,-0.001831055
933,-0.00579834,-0.009155273,-0.006408691,-0.007019043
934,-0.00793457,-0.01403809,-0.0177002,-0.02197266
935,-0.0189209,-0.0189209,-0.02288818,-0.02716064
936,-0.03265381,-0.02624512,-0.0213623,-0.01464844
937,-0.03112793,-0.03204346,-0.01678467,-0.00213623
938,-0.01495361,-0.0189209,0.007629395,0.02227783
939,-0.0100708,-0.01739502,-0.003662109,0.02380371
940,0.004882813,0.003662109,0.006713867,0.02319336
941,0.001525879,-0.003967285,-0.008239746,0.003356934
942,0.005493164,-0.00579834,-0.01708984,-0.02716064
943,-0.01403809,-0.01495361,-0.03417969,-0.04058838
944,-0.04455566,-0.027771,-0.03540039,-0.02960205
945,-0.05310059,-0.03845215,-0.02105713,-0.01281738
946,-0.0378418,-0.04119873,-0.005493164,0.01098633
947,-0.0201416,-0.03387451,-0.003967285,0.02197266
948,-0.004272461,-0.01678467,-0.007019043,0.01922607
949,-0.0003051758,-0.008850098,-0.009460449,0.006103516
950,0.002746582,-0.003051758,-0.008544922,-0.01068115
951,-0.01251221,-0.0177002,-0.02746582,-0.03387451
952,-0.02502441,-0.02868652,-0.01525879,-0.01922607
953,-0.02044678,-0.02746582,-0.01800537,-0.01037598
954,-0.03204346,-0.03082275,-0.0009155273,0.02044678
955,-0.004577637,-0.02502441,0.01251221,0.03143311
956,0.006103516,-0.01861572,0.005187988,0.02716064
957,0.008850098,-0.01373291,0,0.02593994
958,0.01525879,-0.003967285,-0.01617432,-0.003356934
959,0.003356934,-0.003356934,-0.03326416,-0.03753662
960,-0.02380371,-0.01190186,-0.03326416,-0.04302979
961,-0.03936768,-0.02685547,-0.02685547,-0.03082275
962,-0.04425049,-0.03570557,-0.0112915,-0.004272461
963,-0.03936768,-0.03509521,-0.0009155273,0.02380371
964,-0.01586914,-0.02410889,-0.001525879,0.02166748
965,-0.007324219,-0.01617432,-0.003662109,0.02593994
966,-0.001831055,-0.008850098,-0.01403809,0.01434326
967,-0.004882813,-0.007324219,-0.02471924,-0.01281738
968,-0.01556396,-0.00793457,-0.03173828,-0.03540039
969,-0.03753662,-0.01586914,-0.008239746,-0.01220703
970,-0.03112793,-0.02838135,-0.00579834,-0.001525879
971,-0.02716064,-0.0302124,0.004882813,0.01983643
972,-0.0112915,-0.02563477,0.0112915,0.03051758
973,0.006408691,-0.007629395,0.003967285,0.01983643
974,0.002746582,-0.003662109,-0.0009155273,0.0112915
975,0.0009155273,-0.00213623,-0.01739502,-0.01586914
976,-0.01800537,-0.01403809,-0.03662109,-0.03967285
977,-0.03051758,-0.01922607,-0.03387451,-0.04547119
978,-0.04577637,-0.02655029,-0.01678467,-0.0189209
979,-0.03997803,-0.03387451,-0.006713867,0.004577637
980,-0.02288818,-0.02960205,-0.00213623,0.01312256
981,-0.009155273,-0.01953125,-0.003051758,0.01403809
982,-0.00793457,-0.01373291,0.001525879,0.02166748
983,0.004882813,-0.0100708,-0.01464844,0.001831055
984,-0.003356934,-0.008239746,-0.02960205,-0.027771
985,-0.02044678,-0.0112915,-0.02441406,-0.02532959
986,-0.03814697,-0.0289917,-0.02441406,-0.01495361
987,-0.01983643,-0.02746582,-0.00579834,0.0009155273
988,-0.01495361,-0.01678467,0.004577637,0.02502441
989,-0.002746582,-0.0003051758,0.01373291,0.01983643
990,0.003967285,-0.001220703,0.01342773,0.01525879
991,-0.0006103516,-0.004882813,-0.001220703,0.003662109
992,-0.004882813,-0.005493164,-0.01525879,-0.01220703
993,-0.01556396,-0.02258301,-0.03692627,-0.04669189
994,-0.03265381,-0.03509521,-0.03326416,-0.03479004
995,-0.03509521,-0.03143311,-0.01617432,-0.01434326
996,-0.03448486,-0.03417969,-0.001831055,0.01281738
997,-0.01983643,-0.02532959,0.001220703,0.0289917
998,-0.002746582,-0.02655029,-0.01068115,0.01190186
999,0.007629395,-0.006103516,-0.009155273,0.00793457
1000,-0.003051758,-0.00213623,-0.01953125,-0.01220703
1001,-0.01647949,-0.01068115,-0.02197266,-0.02197266
1002,-0.03143311,-0.02655029,-0.02166748,-0.01495361
